Thread_Count,Execution_Time_ms,Best_Length,Speedup,Efficiency,Memory_MB
1,359.462,426,0.971085,97.1085,5
2,194.961,426,1.79045,89.5225,5
4,128.777,426,2.71064,67.766,5
8,95.773,426,3.64474,45.5593,5
1,1066.07,675,0.859569,85.9569,5
2,454.438,675,2.01646,100.823,5
4,277.24,675,3.30528,82.632,5
8,245.625,675,3.73071,46.6339,6
1,2591.99,21282,0.939988,93.9988,6
2,1328.53,21282,1.83393,91.6966,6
4,742.765,21282,3.28023,82.0058,6
8,624.067,21282,3.90413,48.8017,6
